row_id,support_rate_gpt,match_rate_gpt,support_rate_llama-3.3-70b,match_rate_llama-3.3-70b,support_rate_glm-4.6,match_rate_glm-4.6
0,1.0,1.0,1.0,1.0,1.0,1.0
1,0.0,0.0,0.0,0.0,0.0,0.0
2,0.5,0.5,1.0,1.0,0.5,0.5
3,0.5,0.0,1.0,0.0,1.0,0.5
4,1.0,0.0,1.0,0.0,1.0,0.0
5,1.0,1.0,1.0,0.0,1.0,1.0
6,0.5,0.5,0.5,0.5,0.5,0.5
7,0.5,0.0,0.5,0.5,0.0,0.0
8,1.0,0.0,1.0,0.0,1.0,0.0
9,1.0,1.0,1.0,1.0,1.0,1.0
10,1.0,0.0,1.0,0.0,1.0,0.0
11,0.3333333333333333,0.3333333333333333,0.3333333333333333,0.3333333333333333,0.3333333333333333,0.3333333333333333
12,1.0,0.5,0.5,0.0,0.5,0.5
13,0.6666666666666666,0.3333333333333333,1.0,0.6666666666666666,1.0,0.6666666666666666
14,0.5,0.5,1.0,0.5,0.5,0.5
15,0.3333333333333333,0.0,0.3333333333333333,0.3333333333333333,0.3333333333333333,0.3333333333333333
16,1.0,1.0,1.0,1.0,1.0,1.0
17,1.0,0.6666666666666666,0.6666666666666666,0.6666666666666666,1.0,1.0
18,0.5,0.0,1.0,1.0,0.5,0.0
19,0.6666666666666666,0.3333333333333333,1.0,0.6666666666666666,1.0,1.0
20,0.5,0.0,0.5,0.5,0.5,0.5
21,1.0,0.3333333333333333,0.6666666666666666,0.3333333333333333,0.3333333333333333,0.3333333333333333
22,1.0,1.0,1.0,1.0,1.0,1.0
23,1.0,1.0,1.0,1.0,1.0,1.0
24,1.0,0.0,0.5,0.0,1.0,0.0
25,0.6666666666666666,0.3333333333333333,0.6666666666666666,0.3333333333333333,0.6666666666666666,0.6666666666666666
26,1.0,0.5,1.0,0.5,1.0,0.5
27,1.0,0.5,1.0,0.5,1.0,1.0
28,1.0,1.0,1.0,1.0,0.5,0.5
29,0.5,0.5,0.5,0.5,0.5,0.5
30,1.0,1.0,1.0,1.0,1.0,1.0
31,0.5,0.5,0.5,0.5,0.5,0.5
32,0.6666666666666666,0.3333333333333333,0.3333333333333333,0.3333333333333333,0.6666666666666666,0.3333333333333333
33,0.5,0.5,1.0,1.0,0.0,0.0
34,0.0,0.0,0.0,0.0,1.0,1.0
35,1.0,0.3333333333333333,0.6666666666666666,0.0,1.0,1.0
36,1.0,0.0,1.0,1.0,0.0,0.0
37,1.0,0.3333333333333333,1.0,0.3333333333333333,1.0,0.6666666666666666
38,1.0,0.3333333333333333,0.6666666666666666,0.3333333333333333,0.6666666666666666,0.6666666666666666
39,1.0,0.0,1.0,0.0,1.0,0.0
40,1.0,1.0,1.0,1.0,1.0,1.0
41,1.0,0.0,1.0,0.5,1.0,0.5
42,0.6666666666666666,0.6666666666666666,0.6666666666666666,0.6666666666666666,0.6666666666666666,0.6666666666666666
43,0.6666666666666666,0.6666666666666666,0.6666666666666666,0.6666666666666666,0.6666666666666666,0.6666666666666666
44,1.0,0.0,0.5,0.0,0.5,0.0
45,0.5,0.0,0.0,0.0,0.5,0.5
46,1.0,0.5,0.5,0.5,0.5,0.5
47,0.5,0.5,0.5,0.5,1.0,1.0
48,0.5,0.0,0.5,0.5,0.0,0.0
49,0.0,0.0,1.0,0.0,1.0,1.0
50,1.0,0.5,1.0,0.5,1.0,1.0
51,0.6666666666666666,0.3333333333333333,0.6666666666666666,0.3333333333333333,0.6666666666666666,0.3333333333333333
52,0.6666666666666666,0.6666666666666666,0.6666666666666666,0.6666666666666666,0.6666666666666666,0.6666666666666666
53,0.6666666666666666,0.6666666666666666,0.6666666666666666,0.6666666666666666,0.6666666666666666,0.6666666666666666
54,0.5,0.5,0.5,0.0,1.0,1.0
55,1.0,0.5,1.0,0.5,1.0,0.5
56,1.0,1.0,1.0,1.0,1.0,1.0
57,1.0,0.0,1.0,0.5,0.5,0.5
58,1.0,1.0,1.0,1.0,1.0,1.0
59,1.0,0.5,1.0,1.0,1.0,0.5
60,0.6666666666666666,0.6666666666666666,0.6666666666666666,0.3333333333333333,0.6666666666666666,0.6666666666666666
61,1.0,0.3333333333333333,1.0,0.3333333333333333,1.0,0.3333333333333333
62,1.0,1.0,1.0,1.0,1.0,1.0
63,1.0,1.0,1.0,1.0,0.0,0.0
64,1.0,1.0,1.0,1.0,1.0,1.0
65,0.5,0.5,0.5,0.0,0.5,0.5
66,0.6666666666666666,0.6666666666666666,0.6666666666666666,0.6666666666666666,0.6666666666666666,0.6666666666666666
67,0.5,0.5,0.5,0.5,0.5,0.5
68,0.5,0.5,0.5,0.5,0.5,0.5
69,0.6666666666666666,0.6666666666666666,0.6666666666666666,0.3333333333333333,0.6666666666666666,0.6666666666666666
70,0.6666666666666666,0.3333333333333333,0.6666666666666666,0.6666666666666666,0.6666666666666666,0.6666666666666666
71,0.5,0.0,0.5,0.0,0.5,0.5
72,0.0,0.0,0.0,0.0,0.0,0.0
73,1.0,0.0,1.0,0.0,1.0,1.0
74,1.0,0.3333333333333333,1.0,0.3333333333333333,1.0,0.6666666666666666
75,1.0,0.5,0.5,0.5,0.5,0.5
76,1.0,0.5,0.5,0.5,0.5,0.5
77,1.0,1.0,1.0,1.0,1.0,1.0
78,0.0,0.0,0.0,0.0,1.0,1.0
79,0.6666666666666666,0.0,1.0,0.6666666666666666,1.0,1.0
80,1.0,1.0,1.0,1.0,1.0,1.0
81,1.0,0.0,1.0,0.0,0.6666666666666666,0.3333333333333333
82,1.0,0.0,0.5,0.5,0.5,0.5
83,1.0,0.5,1.0,0.0,1.0,0.5
84,1.0,0.0,1.0,0.0,1.0,1.0
85,0.5,0.0,0.5,0.0,0.5,0.0
86,1.0,1.0,1.0,1.0,1.0,1.0
87,1.0,0.5,0.5,0.5,0.5,0.5
88,0.5,0.5,0.5,0.5,1.0,1.0
89,1.0,0.5,1.0,0.5,0.5,0.0
90,1.0,1.0,1.0,1.0,1.0,1.0
91,1.0,1.0,1.0,1.0,1.0,1.0
92,1.0,0.3333333333333333,0.6666666666666666,0.3333333333333333,0.6666666666666666,0.6666666666666666
93,1.0,0.5,1.0,1.0,0.5,0.5
94,1.0,1.0,1.0,1.0,0.5,0.5
95,1.0,1.0,1.0,1.0,1.0,1.0
96,0.0,0.0,0.0,0.0,0.5,0.0
97,0.5,0.0,0.5,0.0,0.5,0.0
98,0.0,0.0,0.5,0.5,0.0,0.0
99,1.0,0.0,1.0,0.0,1.0,0.0
100,1.0,1.0,1.0,0.0,1.0,1.0
101,0.5,0.0,0.5,0.0,0.5,0.0
102,0.0,0.0,1.0,0.0,0.0,0.0
103,0.5,0.0,0.5,0.0,0.5,0.5
104,1.0,0.0,0.0,0.0,1.0,0.0
105,1.0,0.5,1.0,0.5,1.0,0.5
106,1.0,1.0,1.0,1.0,1.0,1.0
107,1.0,1.0,1.0,0.0,1.0,1.0
108,1.0,1.0,1.0,1.0,1.0,1.0
109,1.0,0.0,1.0,0.0,1.0,1.0
110,1.0,1.0,1.0,1.0,1.0,1.0
111,0.6666666666666666,0.0,0.6666666666666666,0.0,0.6666666666666666,0.3333333333333333
112,0.5,0.5,1.0,0.5,1.0,1.0
113,1.0,1.0,1.0,1.0,1.0,1.0
114,0.6666666666666666,0.3333333333333333,1.0,1.0,0.6666666666666666,0.6666666666666666
115,1.0,0.0,1.0,0.0,1.0,0.0
116,0.6666666666666666,0.0,1.0,0.0,1.0,1.0
117,1.0,0.6666666666666666,0.6666666666666666,0.6666666666666666,0.6666666666666666,0.6666666666666666
118,1.0,0.6666666666666666,1.0,0.6666666666666666,1.0,0.6666666666666666
119,1.0,1.0,1.0,1.0,1.0,1.0
120,1.0,0.0,1.0,0.0,1.0,0.0
121,1.0,0.0,0.5,0.0,0.5,0.0
122,1.0,0.0,1.0,0.0,1.0,0.5
123,0.0,0.0,1.0,1.0,1.0,1.0
124,0.0,0.0,0.0,0.0,0.0,0.0
125,1.0,0.6666666666666666,1.0,1.0,1.0,1.0
126,1.0,0.6666666666666666,1.0,0.6666666666666666,0.6666666666666666,0.6666666666666666
127,0.0,0.0,0.0,0.0,0.0,0.0
128,1.0,0.5,1.0,0.0,1.0,0.5
129,1.0,0.0,1.0,0.0,1.0,0.5
130,1.0,1.0,0.5,0.5,0.5,0.5
131,0.0,0.0,0.0,0.0,0.0,0.0
132,0.6666666666666666,0.6666666666666666,0.6666666666666666,0.6666666666666666,0.6666666666666666,0.6666666666666666
133,1.0,0.6666666666666666,0.6666666666666666,0.6666666666666666,1.0,0.6666666666666666
134,1.0,1.0,1.0,1.0,1.0,1.0
135,0.5,0.0,0.5,0.0,0.5,0.0
136,1.0,0.0,1.0,1.0,1.0,1.0
137,1.0,0.6666666666666666,1.0,0.6666666666666666,1.0,0.6666666666666666
138,1.0,1.0,0.6666666666666666,0.6666666666666666,0.6666666666666666,0.6666666666666666
139,1.0,0.5,0.5,0.0,1.0,0.5
140,1.0,0.0,1.0,0.0,1.0,0.0
141,1.0,1.0,1.0,1.0,1.0,1.0
142,1.0,0.3333333333333333,1.0,0.0,0.6666666666666666,0.6666666666666666
143,1.0,0.0,1.0,0.0,1.0,0.0
144,0.5,0.5,0.5,0.5,0.5,0.5
145,1.0,1.0,1.0,0.0,1.0,1.0
146,0.5,0.0,0.0,0.0,0.5,0.5
147,0.6666666666666666,0.6666666666666666,0.6666666666666666,0.6666666666666666,0.3333333333333333,0.3333333333333333
148,1.0,0.0,1.0,0.0,1.0,1.0
149,1.0,0.5,0.5,0.5,0.5,0.5
150,0.5,0.0,1.0,0.0,1.0,1.0
151,1.0,0.0,1.0,0.0,1.0,0.0
152,1.0,1.0,1.0,1.0,1.0,1.0
153,0.5,0.5,0.5,0.5,0.5,0.5
154,1.0,0.5,1.0,0.5,1.0,1.0
155,1.0,0.0,1.0,0.0,1.0,1.0
156,1.0,1.0,1.0,1.0,1.0,1.0
157,1.0,0.6666666666666666,1.0,0.6666666666666666,0.6666666666666666,0.3333333333333333
158,1.0,0.5,1.0,0.5,1.0,1.0
159,1.0,1.0,1.0,1.0,1.0,1.0
160,1.0,0.6666666666666666,1.0,0.6666666666666666,1.0,0.6666666666666666
161,0.5,0.0,0.5,0.5,0.5,0.5
162,1.0,0.0,1.0,0.0,0.6666666666666666,0.6666666666666666
163,0.0,0.0,0.0,0.0,0.0,0.0
164,0.6666666666666666,0.0,0.3333333333333333,0.0,0.6666666666666666,0.3333333333333333
165,1.0,0.5,1.0,1.0,1.0,0.5
166,1.0,0.5,1.0,0.5,0.5,0.0
167,0.0,0.0,0.0,0.0,0.0,0.0
168,1.0,0.5,0.5,0.5,0.5,0.5
169,1.0,1.0,1.0,1.0,0.0,0.0
170,0.6666666666666666,0.0,0.3333333333333333,0.0,0.6666666666666666,0.3333333333333333
171,0.5,0.5,0.5,0.5,0.5,0.5
172,1.0,0.0,1.0,0.0,1.0,0.0
173,0.5,0.0,0.5,0.5,0.0,0.0
174,0.6666666666666666,0.3333333333333333,0.3333333333333333,0.3333333333333333,0.3333333333333333,0.3333333333333333
175,1.0,1.0,1.0,1.0,1.0,1.0
176,1.0,1.0,1.0,1.0,1.0,1.0
177,1.0,1.0,1.0,1.0,1.0,1.0
178,1.0,0.0,1.0,0.0,1.0,1.0
179,1.0,0.5,0.5,0.0,0.5,0.5
180,1.0,0.3333333333333333,1.0,0.3333333333333333,1.0,0.3333333333333333
181,1.0,0.5,1.0,0.5,1.0,0.5
182,1.0,0.0,1.0,0.0,1.0,0.0
183,0.3333333333333333,0.3333333333333333,0.3333333333333333,0.3333333333333333,0.3333333333333333,0.3333333333333333
184,0.6666666666666666,0.6666666666666666,0.6666666666666666,0.3333333333333333,0.6666666666666666,0.6666666666666666
185,0.6666666666666666,0.6666666666666666,0.6666666666666666,0.6666666666666666,1.0,1.0
186,0.6666666666666666,0.6666666666666666,0.6666666666666666,0.3333333333333333,0.6666666666666666,0.6666666666666666
187,0.5,0.5,1.0,1.0,0.5,0.5
188,1.0,0.5,1.0,1.0,1.0,0.5
189,1.0,1.0,1.0,1.0,1.0,1.0
190,1.0,0.5,1.0,0.5,1.0,1.0
191,0.3333333333333333,0.3333333333333333,0.6666666666666666,0.6666666666666666,0.6666666666666666,0.6666666666666666
192,1.0,0.5,0.5,0.5,1.0,1.0
193,1.0,1.0,1.0,1.0,1.0,1.0
194,0.5,0.5,0.5,0.5,0.5,0.5
195,1.0,0.3333333333333333,0.6666666666666666,0.3333333333333333,1.0,0.3333333333333333
196,1.0,1.0,1.0,1.0,1.0,1.0
197,1.0,0.0,1.0,0.0,1.0,0.0
198,0.0,0.0,0.0,0.0,1.0,1.0
199,1.0,1.0,1.0,0.3333333333333333,1.0,1.0
200,0.3333333333333333,0.0,0.3333333333333333,0.3333333333333333,0.6666666666666666,0.3333333333333333
201,1.0,0.6666666666666666,0.6666666666666666,0.3333333333333333,0.6666666666666666,0.3333333333333333
202,1.0,1.0,1.0,1.0,1.0,1.0
203,1.0,0.6666666666666666,1.0,0.6666666666666666,0.6666666666666666,0.3333333333333333
204,0.6666666666666666,0.3333333333333333,0.6666666666666666,0.3333333333333333,0.3333333333333333,0.3333333333333333
205,1.0,1.0,0.5,0.5,0.5,0.5
206,0.0,0.0,0.0,0.0,0.0,0.0
207,0.6666666666666666,0.3333333333333333,0.6666666666666666,0.3333333333333333,0.6666666666666666,0.6666666666666666
208,0.5,0.0,0.5,0.0,0.5,0.0
209,1.0,1.0,1.0,0.0,0.0,0.0
210,0.0,0.0,0.0,0.0,1.0,0.0
211,0.0,0.0,0.0,0.0,1.0,1.0
212,1.0,0.5,1.0,0.5,1.0,0.5
213,0.6666666666666666,0.6666666666666666,0.6666666666666666,0.6666666666666666,0.6666666666666666,0.6666666666666666
214,1.0,0.5,0.5,0.5,0.5,0.5
215,1.0,0.0,1.0,0.0,1.0,0.0
216,1.0,0.0,1.0,0.0,1.0,0.0
217,0.5,0.0,0.5,0.0,0.5,0.0
218,1.0,0.0,0.5,0.5,0.5,0.5
219,0.0,0.0,0.0,0.0,1.0,1.0
220,0.5,0.0,0.5,0.0,0.0,0.0
221,0.0,0.0,0.5,0.5,0.0,0.0
222,0.6666666666666666,0.6666666666666666,0.6666666666666666,0.6666666666666666,0.6666666666666666,0.6666666666666666
223,1.0,0.0,1.0,0.3333333333333333,1.0,0.3333333333333333
224,0.0,0.0,0.0,0.0,0.0,0.0
225,1.0,0.0,1.0,0.0,1.0,1.0
226,0.3333333333333333,0.0,0.3333333333333333,0.0,0.6666666666666666,0.3333333333333333
227,0.5,0.0,0.5,0.0,1.0,0.5
228,0.6666666666666666,0.6666666666666666,0.6666666666666666,0.0,0.6666666666666666,0.3333333333333333
229,0.5,0.5,1.0,1.0,0.5,0.5
230,1.0,1.0,1.0,0.0,1.0,1.0
231,1.0,1.0,1.0,0.0,1.0,1.0
232,0.6666666666666666,0.6666666666666666,0.6666666666666666,0.6666666666666666,1.0,1.0
233,1.0,1.0,1.0,1.0,1.0,1.0
234,1.0,0.3333333333333333,1.0,0.3333333333333333,0.6666666666666666,0.3333333333333333
235,1.0,1.0,0.6666666666666666,0.6666666666666666,0.6666666666666666,0.6666666666666666
236,0.3333333333333333,0.3333333333333333,0.6666666666666666,0.3333333333333333,0.3333333333333333,0.3333333333333333
237,1.0,0.0,1.0,0.0,1.0,0.0
238,1.0,0.3333333333333333,0.6666666666666666,0.6666666666666666,1.0,0.6666666666666666
239,0.0,0.0,0.0,0.0,0.0,0.0
240,0.0,0.0,0.5,0.5,0.5,0.5
241,0.0,0.0,0.0,0.0,0.0,0.0
242,1.0,0.0,1.0,0.0,1.0,0.0
243,0.6666666666666666,0.6666666666666666,0.6666666666666666,0.6666666666666666,0.6666666666666666,0.6666666666666666
244,1.0,1.0,1.0,1.0,1.0,1.0
245,1.0,0.5,1.0,0.0,1.0,1.0
246,1.0,1.0,1.0,1.0,1.0,1.0
247,1.0,0.0,1.0,0.0,1.0,1.0
248,1.0,0.0,1.0,0.5,1.0,0.5
249,1.0,0.6666666666666666,1.0,1.0,1.0,1.0
