approach,aspect,accuracy,precision,recall,f1,specificity,balanced_accuracy,mcc,mse,threshold,tp,tn,fp,fn,eval_split
tfidf_two_step,accessibility,0.5918367346938775,0.18181818181818182,0.5306122448979592,0.2708333333333333,0.6020408163265306,0.5663265306122449,0.09414688716912718,0.6394672957016715,0.45,52,354,234,46,synthetic_overlap_test
tfidf_two_step,assessment_design,0.89067055393586,0.6612903225806451,0.43157894736842106,0.5222929936305732,0.9644670050761421,0.6980229762222816,0.4771039176382194,0.7548979735001922,0.6,41,570,21,54,synthetic_overlap_test
tfidf_two_step,exam_fairness,0.8775510204081632,0.7575757575757576,0.423728813559322,0.5434782608695652,0.971830985915493,0.6977798997374075,0.5062435547705596,0.6737880806834436,0.6,50,552,16,68,synthetic_overlap_test
tfidf_two_step,grading_transparency,0.8046647230320699,0.3888888888888889,0.46226415094339623,0.4224137931034483,0.8672413793103448,0.6647527651268705,0.30757451745089587,0.7024835852896605,0.5,49,503,77,57,synthetic_overlap_test
tfidf_two_step,lecturer_quality,0.7638483965014577,0.3373493975903614,0.5185185185185185,0.40875912408759124,0.8096885813148789,0.6641035499166987,0.2791052801907131,0.7107534800348471,0.5,56,468,110,52,synthetic_overlap_test
tfidf_two_step,materials,0.8206997084548106,0.29896907216494845,0.34523809523809523,0.32044198895027626,0.8870431893687708,0.616140642303433,0.21852875591858617,0.5232864844387976,0.55,29,534,68,55,synthetic_overlap_test
tfidf_two_step,organization,0.6938775510204082,0.2651162790697674,0.5229357798165137,0.35185185185185186,0.7261698440207972,0.6245528119186554,0.1963156870878693,0.5620076586850413,0.45,57,419,158,52,synthetic_overlap_test
tfidf_two_step,overall_experience,0.3965014577259475,0.15265486725663716,0.69,0.25,0.3464163822525597,0.5182081911262798,0.027106188926022196,0.6352764262489696,0.35,69,203,383,31,synthetic_overlap_test
tfidf_two_step,workload,0.858600583090379,0.5172413793103449,0.45,0.48128342245989303,0.9283276450511946,0.6891638225255973,0.40118422486020916,0.6423559165005119,0.55,45,544,42,55,synthetic_overlap_test
